{"cameraMode":{"drawMode":0,"name":"Shaded","section":"Shading Mode"},"sceneLighting":false,"audioPlay":false,"sceneViewState":{"m_AlwaysRefresh":false,"showFog":true,"showSkybox":false,"showFlares":true,"showImageEffects":true,"showParticleSystems":true,"showVisualEffectGraphs":true,"m_FxEnabled":true},"in2DMode":false,"pivot":{"x":-0.030776500701904298,"y":4.632918357849121,"z":0.00745081901550293},"rotation":{"x":-0.47685855627059939,"y":0.1262594312429428,"z":-0.06943628937005997,"w":-0.8670833110809326},"size":4.575102806091309,"orthographic":false}