{"cameraMode":{"drawMode":0,"name":"Shaded","section":"Shading Mode"},"sceneLighting":false,"audioPlay":false,"sceneViewState":{"m_AlwaysRefresh":false,"showFog":true,"showSkybox":false,"showFlares":true,"showImageEffects":true,"showParticleSystems":true,"showVisualEffectGraphs":true,"m_FxEnabled":false},"in2DMode":false,"pivot":{"x":-0.8490432500839233,"y":1.2074532508850098,"z":-0.13641822338104249},"rotation":{"x":0.21612539887428285,"y":0.6383252143859863,"z":-0.19348329305648805,"w":0.7130200266838074},"size":3.373424768447876,"orthographic":false}